﻿cve,descrip
"001","Centro Histórico"
"002","Buenavista-Reforma"
"003","Tlatelolco"
"004","Morelos"
"005","Moctezuma"
"006","Balbuena"
"006","Balbuena"
"007","Obrera"
"008","Condesa"
"008","Condesa"
"009","Napoles"
"009","Napoles"
"010","Vertiz Narvarte"
"011","Reforma Iztaccihuatl"
"011","Reforma Iztaccihuatl"
"012","Palacio de los Deportes"
"013","San Andrés Tetepilco"
"013","San Andrés Tetepilco"
"013","San Andrés Tetepilco"
"014","Portales"
"015","Del Valle"
"016","Chapultepec-Polanco"
"017","Panteones"
"017","Panteones"
"018","Tezozomoc"
"019","El Rosario"
"020","Industrial Vallejo"
"021","La Raza"
"021","La Raza"
"022","Cuautepec"
"023","Reclusorio Norte"
"024","Ticomán"
"025","Nueva Industrial Vallejo"
"026","Instituto Politécnico"
"027","Tepeyac"
"028","La Villa"
"029","Nueva Atzacoalco"
"030","San Felipe de Jesús"
"031","Deportivo los Galeana"
"032","Bondojito"
"033","San Juan de Aragón"
"033","San Juan de Aragón"
"034","Aeropuerto"
"035","Pantitlán"
"035","Pantitlán"
"036","Zaragoza"
"037","UPIICSA"
"038","Central de Abastos"
"038","Central de Abastos"
"039","UAM Iztapalapa"
"040","Escuadrón 201"
"041","Parque Cerro de la Estrella"
"042","Lomas Estrella"
"043","Canal Nacional"
"043","Canal Nacional"
"043","Canal Nacional"
"043","Canal Nacional"
"044","Coapa"
"044","Coapa"
"045","Culhuacán CTM"
"046","Campestre Churubusco"
"046","Campestre Churubusco"
"047","Viveros"
"047","Viveros"
"048","Pedregal de Santo Domingo"
"049","Xotepingo"
"050","Estadio Azteca"
"050","Estadio Azteca"
"051","Ciudad Universitaria"
"051","Ciudad Universitaria"
"052","Olivar de los Padres-San Jerónimo"
"052","Olivar de los Padres-San Jerónimo"
"053","Las Águilas"
"054","Santa Lucia"
"055","Molinos"
"056","Santa Fe"
"057","Observatorio"
"057","Observatorio"
"058","Las Lomas"
"058","Las Lomas"
"058","Las Lomas"
"059","Cuajimalpa"
"060","San Lorenzo Acopilco"
"061","San Bartolo-San Mateo"
"061","San Bartolo-San Mateo"
"062","Cerro del Judio"
"062","Cerro del Judio"
"063","La Magdalena Contreras"
"063","La Magdalena Contreras"
"064","Villa Olimpica"
"065","Padierna"
"065","Padierna"
"066","San Pedro Martir"
"067","Pueblo del Ajusco"
"067","Pueblo del Ajusco"
"068","Tepepan"
"068","Tepepan"
"069","Noria"
"070","Nativitas"
"070","Nativitas"
"071","Milpa Alta"
"071","Milpa Alta"
"072","Tulyehualco"
"073","El Molino Tezonco"
"073","El Molino Tezonco"
"074","Tláhuac"
"075","Mixquic"
"076","Santa Catarina"
"077","Reclusorio Oriente"
"077","Reclusorio Oriente"
"078","Desarrollo Urbano Quetzalcoatl"
"079","Buenavista Iztapalapa"
"080","Santa Maria Xalpa"
"081","San Miguel Teotongo"
"081","San Miguel Teotongo"
"082","Santa Martha Acatitla"
"083","Juan Escutia"
"084","Santa Cruz Meyehualco"
"085","Ejército Constitucionalista"
"100","Localidades Pte Chamapa-Lechería"
"100","Localidades Pte Chamapa-Lechería"
"100","Localidades Pte Chamapa-Lechería"
"100","Localidades Pte Chamapa-Lechería"
"101","CC Interlomas-Lomas de Tecamachalco"
"101","CC Interlomas-Lomas de Tecamachalco"
"102","Club de Golf Lomas-Campo Militar Naucalpan"
"102","Club de Golf Lomas-Campo Militar Naucalpan"
"103","San José de los Leones"
"104","San Rafael Chamapa"
"105","Fracc Industrial Naucalpan Poniente"
"106","Naucalpan de Juárez -Centro y Lomas-"
"107","Las Huertas"
"108","CC Lomas Verdes-Cerro de Moctezuma"
"109","Cd Satélite Poniente"
"110","CC Cd Satélite-Industrial Alce Blanco"
"110","CC Cd Satélite-Industrial Alce Blanco"
"111","Condados de Atizapán-México Nuevo"
"112","Periférico Barrientos-Mundo E"
"113","Zonas Industriales Tlalnepantla"
"114","Zona Industrial Tabla Honda y San Pablo Xalpa"
"115","Fracc Industrial Barrientos"
"116","Club de Golf Hacienda"
"116","Club de Golf Hacienda"
"117","U.H. Adolfo López Mateos-Cental de Abastos Atizapán"
"118","Emiliano Zapata-Lomas de San Miguel"
"119","Vista Hermosa"
"120","Villa Nicolás Romero"
"120","Villa Nicolás Romero"
"121","Cahuacán-Himno Nacional"
"122","Tepotzotlán-Villa del Carbón"
"122","Tepotzotlán-Villa del Carbón"
"122","Tepotzotlán-Villa del Carbón"
"123","Lago de Guadalupe"
"123","Lago de Guadalupe"
"124","Industrial Cuamatla-San Francisco Tepojaco"
"125","Industrial Tres Ríos-INFONAVIT Norte"
"126","Centro Urbano-CC Cuautitlán Izcalli"
"127","San Martín Obispo"
"128","La Quebrada-Parques Industriales"
"128","La Quebrada-Parques Industriales"
"128","La Quebrada-Parques Industriales"
"128","La Quebrada-Parques Industriales"
"129","Industrial Sin Nombre-Buenavista 2a Secc"
"130","Tultitlán -centro-"
"130","Tultitlán -centro-"
"131","Melchor Ocampo-Joyas de Cuautitlán"
"131","Melchor Ocampo-Joyas de Cuautitlán"
"132","Coyotepec-Teoloyucan"
"132","Coyotepec-Teoloyucan"
"132","Coyotepec-Teoloyucan"
"133","Huehuetoca"
"133","Huehuetoca"
"134","Tequixquiac-Apaxco"
"134","Tequixquiac-Apaxco"
"134","Tequixquiac-Apaxco"
"134","Tequixquiac-Apaxco"
"135","Zumpango"
"135","Zumpango"
"135","Zumpango"
"136","Tultepec - cabecera-"
"137","Central de Abastos Tultitlán-Santiago Teyahualco"
"137","Central de Abastos Tultitlán-Santiago Teyahualco"
"138","Chilpan-Buenavista Tultitlán"
"139","TAD San Juan Ixhuatepec"
"140","Lázaro Cardenas-Lomas de Tepeolulco"
"141","Coacalco -cabecera-"
"142","Villa de las Flores-Héroes Coacalco"
"143","Potrero-La Laguna"
"144","Pueblo San Pablo de las Salinas"
"144","Pueblo San Pablo de las Salinas"
"145","U.H. de San Pablo de las Salinas"
"146","Guadalupe Victoria-Recursos Hidráulicos"
"147","San Cristóbal Ecatepec"
"148","La Presa-Tulpetlac"
"149","Teleférico Ecatepec"
"150","Parques Industriales Ecatepec"
"151","Villa de Guadalupe Xalostoc"
"152","Valle de Aragón"
"153","Bosques de Aragón"
"154","Granjas Independencia"
"155","Valle de Aragón 3ra Secc"
"156","CC Center Plazas-Nueva Aragón"
"157","Héroes de la Independencia-San Agustin"
"158","La Costeña-Olimpica Jajalpa"
"159","Jardines de Sta Clara-Super Plaza Ecatepec"
"160","Multiplaza Aragón-Cd Azteca"
"161","Jardines de Morelos"
"162","Central de Abastos Ecatepec"
"163","Héroes Tecámac y Ecatepec"
"163","Héroes Tecámac y Ecatepec"
"164","Los Héroes Tecámac -Bosques y Jardines-"
"164","Los Héroes Tecámac -Bosques y Jardines-"
"164","Los Héroes Tecámac -Bosques y Jardines-"
"164","Los Héroes Tecámac -Bosques y Jardines-"
"165","Ojo de Agua"
"165","Ojo de Agua"
"165","Ojo de Agua"
"166","Base Áerea Sta Lucia-Cuautlalpan"
"166","Base Áerea Sta Lucia-Cuautlalpan"
"167","Tecámac -cabecera-"
"168","Ciudad Cuauhtémoc"
"168","Ciudad Cuauhtémoc"
"169","Termoeléctrica del Valle de México"
"169","Termoeléctrica del Valle de México"
"170","San Salvador Atenco-Peaje Pirámides"
"170","San Salvador Atenco-Peaje Pirámides"
"170","San Salvador Atenco-Peaje Pirámides"
"171","Carr Pirámides-Tulancingo"
"171","Carr Pirámides-Tulancingo"
"171","Carr Pirámides-Tulancingo"
"171","Carr Pirámides-Tulancingo"
"171","Carr Pirámides-Tulancingo"
"171","Carr Pirámides-Tulancingo"
"171","Carr Pirámides-Tulancingo"
"172","Texcoco Norte-Tepexpan"
"172","Texcoco Norte-Tepexpan"
"172","Texcoco Norte-Tepexpan"
"172","Texcoco Norte-Tepexpan"
"172","Texcoco Norte-Tepexpan"
"172","Texcoco Norte-Tepexpan"
"172","Texcoco Norte-Tepexpan"
"172","Texcoco Norte-Tepexpan"
"173","Nuevo AICM"
"174","Texcoco Centro-Chapingo"
"175","San Miguel Tlaixpan"
"175","San Miguel Tlaixpan"
"176","El Sol"
"177","Juárez Pantitlán-Mercado de Carne"
"178","Mercado Pirules"
"179","Ayuntamiento de Nezahualcóyotl"
"180","Benito Juárez"
"181","Metropolitana"
"182","La Perla"
"183","CC Plaza Neza"
"184","Parque Industrial Izcalli"
"185","San Lorenzo-Xochitenco"
"186","CC Patio Chimalhuacán-Barrio La Rosita"
"187","Barrio Labradores-Jardines Acuitlapilco"
"188","Talladores-Central de Abastos Chicoloapan"
"188","Talladores-Central de Abastos Chicoloapan"
"189","Chicoloapan de Juárez"
"189","Chicoloapan de Juárez"
"190","Sta Ma Nativitas"
"190","Sta Ma Nativitas"
"191","Lomas de Buena Vista-Sta Rosa"
"191","Lomas de Buena Vista-Sta Rosa"
"192","Valle de los Reyes"
"193","Metro La Paz-Los Reyes"
"194","CEDIS San Gregorio-Cerro El Elefante"
"194","CEDIS San Gregorio-Cerro El Elefante"
"195","Geovillas de Ayotla-Unión Antorchista"
"196","Ixtapaluca centro-Acozac"
"197","Pueblos de Ixtapaluca"
"197","Pueblos de Ixtapaluca"
"198","CC Sendero y Galerias Ixtapaluca"
"199","CC Sendero Valle de Chalco-Santiago"
"200","Alfredo Baranda"
"201","Xico"
"202","San Miguel Jacalones"
"202","San Miguel Jacalones"
"203","Chalco de Díaz Covarrubias"
"204","San Martín Cuautlalpan"
"204","San Martín Cuautlalpan"
"205","San Gregorio-Tlalmanalco"
"205","San Gregorio-Tlalmanalco"
"206","Industrial Chalco-Tenango del Aire"
"206","Industrial Chalco-Tenango del Aire"
"206","Industrial Chalco-Tenango del Aire"
"206","Industrial Chalco-Tenango del Aire"
"206","Industrial Chalco-Tenango del Aire"
"206","Industrial Chalco-Tenango del Aire"
"206","Industrial Chalco-Tenango del Aire"
"207","Tramo Amecameca-Cuautla"
"207","Tramo Amecameca-Cuautla"
"207","Tramo Amecameca-Cuautla"
"207","Tramo Amecameca-Cuautla"
"207","Tramo Amecameca-Cuautla"
"300","Tizayuca"
"888","Fuera de la ZMVM"
"999","Distrito no especificado dentro de la ZMVM"